node_a,node_b
1,0
0,1
2,1
1,2
3,2
2,3
4,3
3,4
5,4
4,5
5,0
0,5
6,4
4,6
7,6
6,7
8,7
7,8
9,8
8,9
9,3
3,9
10,9
9,10
11,10
10,11
12,11
11,12
13,12
12,13
13,8
8,13
14,12
12,14
15,14
14,15
16,14
14,16
18,17
17,18
19,18
18,19
20,19
19,20
21,20
20,21
22,21
21,22
23,22
22,23
24,23
23,24
24,19
19,24
25,24
24,25
26,25
25,26
26,17
17,26
27,25
25,27
28,27
27,28
29,27
27,29
31,30
30,31
32,31
31,32
33,32
32,33
34,33
33,34
35,34
34,35
36,35
35,36
37,36
36,37
37,32
32,37
38,33
33,38
39,38
38,39
39,30
30,39
40,38
38,40
41,40
40,41
42,40
40,42
44,43
43,44
45,44
44,45
46,45
45,46
47,46
46,47
48,47
47,48
48,43
43,48
49,47
47,49
50,49
49,50
51,50
50,51
52,51
51,52
53,52
52,53
54,53
53,54
54,49
49,54
55,54
54,55
55,46
46,55
56,55
55,56
57,56
56,57
58,57
57,58
58,53
53,58
59,56
56,59
60,59
59,60
61,59
59,61
63,62
62,63
64,63
63,64
65,64
64,65
66,65
65,66
67,66
66,67
67,62
62,67
68,67
67,68
69,65
65,69
70,69
69,70
71,69
69,71
72,64
64,72
74,73
73,74
75,74
74,75
76,75
75,76
77,76
76,77
78,77
77,78
79,78
78,79
80,79
79,80
80,75
75,80
81,80
80,81
82,81
81,82
82,73
73,82
83,82
82,83
84,83
83,84
85,84
84,85
86,85
85,86
86,81
81,86
87,86
86,87
88,87
87,88
88,79
79,88
89,85
85,89
90,89
89,90
91,89
89,91
92,83
83,92
93,92
92,93
94,92
92,94
95,78
78,95
96,95
95,96
97,95
95,97
98,76
76,98
99,98
98,99
100,98
98,100
102,101
101,102
103,102
102,103
104,103
103,104
105,104
104,105
106,105
105,106
107,106
106,107
107,102
102,107
108,107
107,108
109,108
108,109
110,108
108,110
111,104
104,111
112,111
111,112
113,112
112,113
114,113
113,114
115,114
114,115
116,115
115,116
116,111
111,116
118,117
117,118
119,118
118,119
120,118
118,120
121,120
120,121
122,121
121,122
123,122
122,123
124,123
123,124
125,124
124,125
126,125
125,126
126,121
121,126
127,125
125,127
128,127
127,128
129,128
128,129
129,124
124,129
130,129
129,130
131,130
130,131
132,131
131,132
133,132
132,133
133,128
128,133
134,132
132,134
135,134
134,135
136,134
134,136
138,137
137,138
139,138
138,139
140,139
139,140
141,140
140,141
142,141
141,142
143,142
142,143
143,139
139,143
144,143
143,144
145,144
144,145
145,137
137,145
146,145
145,146
147,146
146,147
148,146
146,148
150,149
149,150
151,150
150,151
152,151
151,152
153,152
152,153
154,153
153,154
155,154
154,155
155,150
150,155
156,154
154,156
157,156
156,157
158,157
157,158
158,153
153,158
159,158
158,159
160,159
159,160
161,160
160,161
162,161
161,162
162,157
157,162
163,161
161,163
164,163
163,164
165,163
163,165
167,166
166,167
168,167
167,168
169,168
168,169
170,169
169,170
171,170
170,171
171,166
166,171
172,170
170,172
173,172
172,173
174,173
173,174
175,174
174,175
175,169
169,175
176,175
175,176
177,176
176,177
178,177
177,178
179,178
178,179
179,174
174,179
180,173
173,180
181,180
180,181
182,180
180,182
184,183
183,184
185,184
184,185
186,185
185,186
187,186
186,187
188,187
187,188
189,188
188,189
190,189
189,190
190,185
185,190
191,190
190,191
192,191
191,192
192,183
183,192
193,192
192,193
194,193
193,194
195,194
194,195
196,195
195,196
196,191
191,196
197,196
196,197
198,197
197,198
198,189
189,198
199,195
195,199
200,188
188,200
201,200
200,201
202,200
200,202
204,203
203,204
205,204
204,205
206,205
205,206
207,206
206,207
208,207
207,208
208,203
203,208
209,207
207,209
210,209
209,210
211,210
210,211
212,211
211,212
213,212
212,213
214,213
213,214
214,209
209,214
215,214
214,215
215,206
206,215
216,215
215,216
217,216
216,217
218,217
217,218
218,213
213,218
219,217
217,219
220,219
219,220
221,219
219,221
222,212
212,222
223,222
222,223
224,222
222,224
226,225
225,226
227,226
226,227
228,227
227,228
229,228
228,229
230,229
229,230
231,230
230,231
232,231
231,232
232,227
227,232
233,232
232,233
234,233
233,234
234,226
226,234
235,229
229,235
236,235
235,236
237,235
235,237
239,238
238,239
240,239
239,240
241,240
240,241
242,241
241,242
243,242
242,243
244,243
243,244
245,244
244,245
246,245
245,246
247,246
246,247
248,247
247,248
248,243
243,248
249,248
248,249
249,240
240,249
250,249
249,250
251,250
250,251
251,238
238,251
252,250
250,252
253,252
252,253
253,247
247,253
254,246
246,254
255,254
254,255
256,254
254,256
258,257
257,258
259,258
258,259
260,259
259,260
261,260
260,261
262,261
261,262
262,257
257,262
263,261
261,263
264,263
263,264
265,264
264,265
266,265
265,266
267,266
266,267
268,267
267,268
268,263
263,268
269,268
268,269
269,260
260,269
270,269
269,270
271,270
270,271
272,271
271,272
272,267
267,272
273,272
272,273
274,273
273,274
275,273
273,275
276,266
266,276
277,276
276,277
278,276
276,278
280,279
279,280
281,280
280,281
282,281
281,282
283,282
282,283
284,283
283,284
284,279
279,284
285,283
283,285
286,282
282,286
287,286
286,287
288,286
286,288
289,281
281,289
291,290
290,291
292,291
291,292
293,292
292,293
294,293
293,294
295,294
294,295
295,290
290,295
296,294
294,296
297,296
296,297
298,297
297,298
299,298
298,299
300,299
299,300
301,300
300,301
301,296
296,301
302,301
301,302
302,293
293,302
303,302
302,303
304,298
298,304
305,304
304,305
306,304
304,306
308,307
307,308
309,308
308,309
310,309
309,310
311,310
310,311
312,311
311,312
313,312
312,313
314,313
313,314
314,309
309,314
315,314
314,315
316,315
315,316
316,307
307,316
317,311
311,317
318,317
317,318
319,317
317,319
321,320
320,321
322,321
321,322
323,322
322,323
324,323
323,324
325,324
324,325
325,320
320,325
326,325
325,326
327,326
326,327
328,323
323,328
329,328
328,329
330,329
329,330
330,322
322,330
331,330
330,331
332,331
331,332
333,332
332,333
334,333
333,334
334,329
329,334
335,333
333,335
336,335
335,336
337,335
335,337
339,338
338,339
340,339
339,340
341,340
340,341
342,341
341,342
343,342
342,343
343,338
338,343
344,342
342,344
345,344
344,345
346,344
344,346
347,340
340,347
348,347
347,348
349,348
348,349
350,349
349,350
351,350
350,351
352,351
351,352
352,347
347,352
353,350
350,353
354,353
353,354
355,353
353,355
357,356
356,357
358,357
357,358
359,358
358,359
360,359
359,360
361,360
360,361
361,356
356,361
362,361
361,362
363,362
362,363
364,362
362,364
365,359
359,365
366,365
365,366
367,366
366,367
367,358
358,367
368,367
367,368
369,368
368,369
370,369
369,370
371,370
370,371
371,366
366,371
372,370
370,372
374,373
373,374
375,374
374,375
376,375
375,376
377,376
376,377
378,377
377,378
378,373
373,378
379,377
377,379
380,379
379,380
381,380
380,381
382,381
381,382
382,376
376,382
383,382
382,383
384,383
383,384
385,384
384,385
386,385
385,386
387,386
386,387
388,387
387,388
389,388
388,389
389,384
384,389
390,389
389,390
390,381
381,390
391,390
390,391
392,391
391,392
392,388
388,392
393,392
392,393
394,393
393,394
395,393
393,395
397,396
396,397
398,397
397,398
399,398
398,399
400,399
399,400
401,400
400,401
402,401
401,402
403,402
402,403
404,403
403,404
405,404
404,405
406,405
405,406
407,406
406,407
408,407
407,408
409,408
408,409
410,409
409,410
411,410
410,411
412,411
411,412
413,412
412,413
413,396
396,413
414,413
413,414
415,414
414,415
415,398
398,415
416,415
415,416
416,401
401,416
417,416
416,417
417,404
404,417
418,417
417,418
418,407
407,418
419,418
418,419
419,410
410,419
419,414
414,419
420,405
405,420
421,420
420,421
422,420
420,422
424,423
423,424
425,424
424,425
426,425
425,426
427,426
426,427
428,427
427,428
428,423
423,428
429,428
428,429
430,429
429,430
431,429
429,431
432,426
426,432
433,432
432,433
434,433
433,434
434,425
425,434
435,434
434,435
436,435
435,436
437,436
436,437
438,437
437,438
438,433
433,438
439,437
437,439
441,440
440,441
442,441
441,442
443,442
442,443
444,443
443,444
445,444
444,445
445,440
440,445
446,445
445,446
447,446
446,447
448,446
446,448
449,443
443,449
450,449
449,450
451,449
449,451
452,442
442,452
454,453
453,454
455,454
454,455
456,455
455,456
457,456
456,457
458,457
457,458
458,453
453,458
459,457
457,459
460,459
459,460
461,460
460,461
462,461
461,462
463,462
462,463
464,463
463,464
465,464
464,465
466,465
465,466
467,466
466,467
468,467
467,468
468,463
463,468
469,468
468,469
469,460
460,469
470,469
469,470
470,456
456,470
471,470
470,471
472,471
471,472
472,467
467,472
473,466
466,473
474,473
473,474
475,473
473,475
477,476
476,477
478,477
477,478
479,478
478,479
480,479
479,480
481,480
480,481
481,476
476,481
482,481
481,482
483,482
482,483
484,482
482,484
485,479
479,485
486,485
485,486
487,486
486,487
487,478
478,487
488,487
487,488
489,488
488,489
490,489
489,490
491,490
490,491
491,486
486,491
492,490
490,492
494,493
493,494
495,494
494,495
496,495
495,496
497,496
496,497
498,497
497,498
498,493
493,498
499,498
498,499
500,499
499,500
501,499
499,501
502,496
496,502
503,502
502,503
504,502
502,504
505,504
504,505
505,495
495,505
506,505
505,506
507,506
506,507
508,507
507,508
509,508
508,509
509,504
504,509
510,508
508,510
511,510
510,511
512,510
510,512
513,506
506,513
514,513
513,514
515,513
513,515
517,516
516,517
518,517
517,518
519,518
518,519
520,519
519,520
521,520
520,521
522,521
521,522
523,522
522,523
524,523
523,524
525,524
524,525
526,525
525,526
527,526
526,527
527,522
522,527
528,527
527,528
529,528
528,529
530,529
529,530
530,521
521,530
531,530
530,531
532,531
531,532
532,519
519,532
533,532
532,533
533,516
516,533
534,528
528,534
535,534
534,535
535,526
526,535
536,535
535,536
537,536
536,537
538,536
536,538
540,539
539,540
541,540
540,541
542,541
541,542
543,542
542,543
544,543
543,544
544,539
539,544
545,543
543,545
546,545
545,546
547,546
546,547
548,547
547,548
549,548
548,549
550,549
549,550
550,545
545,550
551,550
550,551
551,542
542,551
552,551
551,552
553,552
552,553
554,553
553,554
554,549
549,554
555,553
553,555
556,555
555,556
557,555
555,557
558,552
552,558
559,558
558,559
560,558
558,560
562,561
561,562
563,562
562,563
564,563
563,564
565,564
564,565
566,565
565,566
566,561
561,566
567,566
566,567
568,567
567,568
569,568
568,569
570,569
569,570
571,570
570,571
572,571
571,572
572,567
567,572
573,572
572,573
574,573
573,574
575,573
573,575
576,570
570,576
577,576
576,577
578,576
576,578
579,564
564,579
580,579
579,580
581,579
579,581
582,563
563,582
583,582
582,583
584,582
582,584
586,585
585,586
587,586
586,587
588,587
587,588
589,588
588,589
590,589
589,590
590,585
585,590
591,590
590,591
592,591
591,592
593,592
592,593
594,592
592,594
595,594
594,595
596,594
594,596
597,594
594,597
598,588
588,598
599,598
598,599
600,599
599,600
600,587
587,600
601,600
600,601
602,601
601,602
603,602
602,603
604,603
603,604
604,599
599,604
605,603
603,605
606,605
605,606
607,605
605,607
609,608
608,609
610,609
609,610
611,610
610,611
612,611
611,612
613,612
612,613
614,613
613,614
615,614
614,615
616,615
615,616
616,611
611,616
617,616
616,617
617,608
608,617
618,613
613,618
619,618
618,619
620,618
618,620
622,621
621,622
623,622
622,623
624,623
623,624
625,624
624,625
626,625
625,626
626,621
621,626
627,626
626,627
628,624
624,628
629,628
628,629
630,629
629,630
630,623
623,630
631,630
630,631
632,631
631,632
633,632
632,633
634,633
633,634
634,629
629,634
635,633
633,635
636,635
635,636
637,635
635,637
639,638
638,639
640,639
639,640
641,640
640,641
642,641
641,642
643,642
642,643
644,643
643,644
645,644
644,645
646,645
645,646
646,641
641,646
647,646
646,647
648,647
647,648
648,639
639,648
649,648
648,649
650,649
649,650
651,649
649,651
653,652
652,653
654,653
653,654
655,654
654,655
656,655
655,656
657,656
656,657
657,652
652,657
658,655
655,658
659,658
658,659
660,659
659,660
661,660
660,661
662,661
661,662
663,662
662,663
664,663
663,664
665,664
664,665
665,660
660,665
666,663
663,666
667,666
666,667
668,666
666,668
670,669
669,670
671,670
670,671
672,671
671,672
673,672
672,673
674,673
673,674
674,669
669,674
675,672
672,675
676,675
675,676
677,676
676,677
678,677
677,678
679,678
678,679
680,679
679,680
680,675
675,680
681,678
678,681
682,681
681,682
683,681
681,683
685,684
684,685
686,685
685,686
687,686
686,687
688,687
687,688
689,688
688,689
690,689
689,690
691,690
690,691
692,691
691,692
693,692
692,693
693,688
688,693
694,693
693,694
695,694
694,695
695,686
686,695
696,694
694,696
697,696
696,697
698,696
696,698
700,699
699,700
701,700
700,701
702,701
701,702
703,702
702,703
704,703
703,704
704,699
699,704
705,703
703,705
706,705
705,706
707,706
706,707
708,707
707,708
708,702
702,708
709,708
708,709
710,709
709,710
711,709
709,711
713,712
712,713
714,713
713,714
715,714
714,715
716,715
715,716
717,716
716,717
717,712
712,717
718,717
717,718
719,718
718,719
720,718
718,720
721,715
715,721
722,721
721,722
723,722
722,723
723,714
714,723
724,723
723,724
725,724
724,725
726,725
725,726
727,726
726,727
727,722
722,727
728,726
726,728
730,729
729,730
731,730
730,731
732,731
731,732
733,732
732,733
734,733
733,734
735,734
734,735
736,735
735,736
737,736
736,737
737,732
732,737
738,737
737,738
738,730
730,738
739,734
734,739
740,739
739,740
741,739
739,741
743,742
742,743
744,743
743,744
745,744
744,745
746,745
745,746
747,746
746,747
747,742
742,747
748,746
746,748
749,748
748,749
750,749
749,750
751,750
750,751
752,751
751,752
753,752
752,753
753,748
748,753
754,753
753,754
754,745
745,754
755,754
754,755
756,755
755,756
757,756
756,757
757,752
752,757
758,756
756,758
759,758
758,759
760,758
758,760
762,761
761,762
763,762
762,763
764,763
763,764
765,764
764,765
766,765
765,766
766,761
761,766
767,765
765,767
768,767
767,768
769,768
768,769
770,769
769,770
770,764
764,770
771,770
770,771
772,771
771,772
773,772
772,773
774,773
773,774
774,769
769,774
775,773
773,775
776,775
775,776
777,775
775,777
779,778
778,779
780,779
779,780
781,780
780,781
782,781
781,782
783,782
782,783
783,778
778,783
784,783
783,784
785,784
784,785
786,784
784,786
787,780
780,787
788,787
787,788
789,787
787,789
791,790
790,791
792,791
791,792
793,792
792,793
794,793
793,794
795,794
794,795
796,795
795,796
797,796
796,797
797,792
792,797
798,797
797,798
799,798
798,799
799,790
790,799
800,799
799,800
801,800
800,801
802,801
801,802
803,802
802,803
803,798
798,803
804,803
803,804
805,804
804,805
805,796
796,805
806,802
802,806
807,806
806,807
808,806
806,808
809,795
795,809
810,809
809,810
811,810
810,811
812,811
811,812
812,794
794,812
814,813
813,814
815,814
814,815
816,815
815,816
817,816
816,817
818,817
817,818
818,813
813,818
819,818
818,819
820,819
819,820
821,820
820,821
822,821
821,822
822,817
817,822
823,822
822,823
824,823
823,824
825,824
824,825
826,825
825,826
826,821
821,826
827,825
825,827
828,827
827,828
829,827
827,829
830,823
823,830
831,830
830,831
831,816
816,831
832,814
814,832
833,832
832,833
834,832
832,834
836,835
835,836
837,836
836,837
838,837
837,838
839,838
838,839
840,839
839,840
841,840
840,841
842,841
841,842
843,842
842,843
844,843
843,844
845,844
844,845
845,840
840,845
846,845
845,846
847,846
846,847
847,838
838,847
848,847
847,848
848,835
835,848
849,842
842,849
850,849
849,850
851,849
849,851
853,852
852,853
854,853
853,854
855,854
854,855
856,855
855,856
857,856
856,857
857,852
852,857
858,857
857,858
859,858
858,859
860,858
858,860
861,855
855,861
862,861
861,862
863,862
862,863
864,863
863,864
865,864
864,865
866,865
865,866
867,866
866,867
867,862
862,867
868,867
867,868
868,854
854,868
869,864
864,869
870,869
869,870
871,869
869,871
873,872
872,873
874,873
873,874
875,874
874,875
876,875
875,876
877,876
876,877
878,877
877,878
879,878
878,879
879,874
874,879
880,879
879,880
881,880
880,881
882,880
880,882
883,875
875,883
884,883
883,884
884,872
872,884
885,883
883,885
886,885
885,886
887,885
885,887
889,888
888,889
890,889
889,890
891,890
890,891
892,891
891,892
893,892
892,893
894,893
893,894
895,894
894,895
895,890
890,895
896,895
895,896
897,896
896,897
897,888
888,897
898,897
897,898
899,898
898,899
900,899
899,900
901,900
900,901
901,896
896,901
902,901
901,902
903,902
902,903
903,894
894,903
904,903
903,904
905,904
904,905
906,905
905,906
907,906
906,907
907,902
902,907
908,900
900,908
909,908
908,909
910,908
908,910
911,891
891,911
912,911
911,912
913,911
911,913
915,914
914,915
916,915
915,916
917,916
916,917
918,917
917,918
919,918
918,919
920,919
919,920
921,920
920,921
922,921
921,922
923,922
922,923
924,923
923,924
924,919
919,924
925,924
924,925
925,916
916,925
926,925
925,926
927,926
926,927
927,914
914,927
928,926
926,928
929,928
928,929
929,923
923,929
930,929
929,930
931,930
930,931
932,931
931,932
933,932
932,933
933,928
928,933
934,922
922,934
935,934
934,935
936,934
934,936
937,920
920,937
938,937
937,938
939,937
937,939
941,940
940,941
942,941
941,942
943,942
942,943
944,943
943,944
945,944
944,945
945,940
940,945
946,945
945,946
947,946
946,947
948,946
946,948
949,943
943,949
950,949
949,950
951,950
950,951
951,942
942,951
952,951
951,952
953,952
952,953
954,953
953,954
955,954
954,955
955,950
950,955
956,954
954,956
957,956
956,957
958,956
956,958
960,959
959,960
961,960
960,961
962,961
961,962
963,962
962,963
964,963
963,964
964,959
959,964
965,964
964,965
966,965
965,966
967,965
965,967
968,962
962,968
969,968
968,969
970,969
969,970
971,970
970,971
972,971
971,972
973,972
972,973
974,973
973,974
974,969
969,974
975,974
974,975
975,961
961,975
976,972
972,976
977,971
971,977
979,978
978,979
980,979
979,980
981,980
980,981
982,981
981,982
983,982
982,983
984,983
983,984
985,984
984,985
985,980
980,985
986,985
985,986
987,986
986,987
988,987
987,988
988,979
979,988
989,988
988,989
990,989
989,990
991,989
989,991
993,992
992,993
994,993
993,994
995,994
994,995
996,995
995,996
997,996
996,997
997,992
992,997
998,996
996,998
999,998
998,999
1000,999
999,1000
1001,1000
1000,1001
1002,1001
1001,1002
1003,1002
1002,1003
1004,1003
1003,1004
1004,999
999,1004
1005,1004
1004,1005
1005,995
995,1005
1006,1002
1002,1006
1007,1006
1006,1007
1008,1006
1006,1008
1010,1009
1009,1010
1011,1010
1010,1011
1012,1011
1011,1012
1013,1012
1012,1013
1014,1013
1013,1014
1014,1009
1009,1014
1015,1014
1014,1015
1016,1015
1015,1016
1017,1016
1016,1017
1018,1017
1017,1018
1019,1018
1018,1019
1020,1019
1019,1020
1020,1015
1015,1020
1021,1020
1020,1021
1022,1021
1021,1022
1023,1021
1021,1023
1024,1018
1018,1024
1025,1024
1024,1025
1026,1024
1024,1026
1027,1011
1011,1027
1028,1027
1027,1028
1029,1027
1027,1029
1031,1030
1030,1031
1032,1031
1031,1032
1033,1032
1032,1033
1034,1033
1033,1034
1035,1034
1034,1035
1036,1035
1035,1036
1037,1036
1036,1037
1038,1037
1037,1038
1038,1033
1033,1038
1039,1038
1038,1039
1039,1030
1030,1039
1040,1039
1039,1040
1041,1040
1040,1041
1042,1041
1041,1042
1042,1037
1037,1042
1043,1042
1042,1043
1044,1043
1043,1044
1045,1043
1043,1045
1046,1034
1034,1046
1047,1046
1046,1047
1048,1047
1047,1048
1048,1032
1032,1048
1049,1048
1048,1049
1050,1049
1049,1050
1051,1050
1050,1051
1052,1051
1051,1052
1052,1047
1047,1052
1053,1050
1050,1053
1054,1049
1049,1054
1056,1055
1055,1056
1057,1056
1056,1057
1058,1057
1057,1058
1059,1058
1058,1059
1060,1059
1059,1060
1060,1055
1055,1060
1061,1059
1059,1061
1062,1061
1061,1062
1063,1062
1062,1063
1064,1063
1063,1064
1064,1058
1058,1064
1065,1064
1064,1065
1066,1065
1065,1066
1067,1066
1066,1067
1068,1067
1067,1068
1068,1063
1063,1068
1069,1067
1067,1069
1070,1069
1069,1070
1071,1070
1070,1071
1072,1071
1071,1072
1072,1066
1066,1072
1073,1072
1072,1073
1074,1073
1073,1074
1074,1065
1065,1074
1075,1073
1073,1075
1076,1075
1075,1076
1077,1075
1075,1077
1079,1078
1078,1079
1080,1079
1079,1080
1081,1080
1080,1081
1082,1081
1081,1082
1083,1082
1082,1083
1084,1083
1083,1084
1085,1084
1084,1085
1085,1080
1080,1085
1086,1085
1085,1086
1087,1086
1086,1087
1087,1078
1078,1087
1088,1086
1086,1088
1089,1088
1088,1089
1090,1088
1088,1090
1091,1084
1084,1091
1092,1091
1091,1092
1093,1091
1091,1093
1094,1082
1082,1094
1095,1094
1094,1095
1096,1094
1094,1096
1098,1097
1097,1098
1099,1098
1098,1099
1100,1099
1099,1100
1101,1100
1100,1101
1102,1101
1101,1102
1102,1097
1097,1102
1103,1102
1102,1103
1104,1103
1103,1104
1105,1103
1103,1105
1106,1100
1100,1106
1107,1106
1106,1107
1108,1107
1107,1108
1108,1099
1099,1108
1109,1108
1108,1109
1110,1109
1109,1110
1111,1110
1110,1111
1112,1111
1111,1112
1112,1107
1107,1112
1113,1111
1111,1113
1115,1114
1114,1115
1116,1115
1115,1116
1117,1116
1116,1117
1118,1117
1117,1118
1119,1118
1118,1119
1119,1114
1114,1119
1120,1119
1119,1120
1121,1120
1120,1121
1122,1120
1120,1122
1123,1117
1117,1123
1124,1116
1116,1124
1126,1125
1125,1126
1127,1126
1126,1127
1128,1127
1127,1128
1129,1128
1128,1129
1129,1125
1125,1129
1130,1129
1129,1130
1131,1130
1130,1131
1132,1131
1131,1132
1133,1132
1132,1133
1134,1132
1132,1134
1135,1134
1134,1135
1136,1135
1135,1136
1137,1136
1136,1137
1138,1137
1137,1138
1139,1138
1138,1139
1140,1139
1139,1140
1141,1140
1140,1141
1141,1137
1137,1141
1142,1140
1140,1142
1143,1142
1142,1143
1144,1142
1142,1144
1145,1127
1127,1145
1146,1145
1145,1146
1147,1145
1145,1147
1149,1148
1148,1149
1150,1149
1149,1150
1151,1150
1150,1151
1152,1151
1151,1152
1153,1152
1152,1153
1153,1148
1148,1153
1154,1153
1153,1154
1155,1154
1154,1155
1156,1154
1154,1156
1157,1151
1151,1157
1158,1157
1157,1158
1159,1157
1157,1159
1160,1159
1159,1160
1160,1150
1150,1160
1161,1160
1160,1161
1162,1161
1161,1162
1163,1162
1162,1163
1164,1163
1163,1164
1164,1159
1159,1164
1165,1163
1163,1165
1166,1165
1165,1166
1167,1165
1165,1167
1169,1168
1168,1169
1170,1169
1169,1170
1171,1170
1170,1171
1172,1171
1171,1172
1173,1172
1172,1173
1173,1168
1168,1173
1174,1172
1172,1174
1175,1174
1174,1175
1176,1175
1175,1176
1177,1176
1176,1177
1177,1171
1171,1177
1178,1177
1177,1178
1179,1178
1178,1179
1180,1178
1178,1180
1181,1175
1175,1181
1182,1181
1181,1182
1183,1181
1181,1183
1185,1184
1184,1185
1186,1185
1185,1186
1187,1186
1186,1187
1188,1187
1187,1188
1189,1188
1188,1189
1189,1184
1184,1189
1190,1188
1188,1190
1191,1190
1190,1191
1192,1190
1190,1192
1193,1186
1186,1193
1194,1193
1193,1194
1195,1194
1194,1195
1196,1195
1195,1196
1197,1196
1196,1197
1198,1197
1197,1198
1198,1193
1193,1198
1199,1196
1196,1199
1201,1200
1200,1201
1202,1201
1201,1202
1203,1202
1202,1203
1204,1203
1203,1204
1205,1204
1204,1205
1205,1200
1200,1205
1206,1204
1204,1206
1207,1206
1206,1207
1208,1207
1207,1208
1209,1208
1208,1209
1210,1209
1209,1210
1211,1210
1210,1211
1211,1206
1206,1211
1212,1211
1211,1212
1212,1203
1203,1212
1213,1212
1212,1213
1214,1213
1213,1214
1215,1214
1214,1215
1215,1210
1210,1215
1216,1214
1214,1216
1217,1213
1213,1217
1218,1217
1217,1218
1219,1217
1217,1219
1221,1220
1220,1221
1222,1221
1221,1222
1223,1222
1222,1223
1224,1223
1223,1224
1225,1224
1224,1225
1225,1220
1220,1225
1226,1224
1224,1226
1227,1226
1226,1227
1228,1227
1227,1228
1229,1228
1228,1229
1230,1229
1229,1230
1231,1230
1230,1231
1232,1231
1231,1232
1233,1232
1232,1233
1234,1233
1233,1234
1235,1234
1234,1235
1235,1230
1230,1235
1236,1235
1235,1236
1236,1227
1227,1236
1237,1236
1236,1237
1237,1223
1223,1237
1238,1237
1237,1238
1239,1238
1238,1239
1239,1234
1234,1239
1240,1231
1231,1240
1241,1240
1240,1241
1242,1240
1240,1242
1244,1243
1243,1244
1245,1244
1244,1245
1246,1245
1245,1246
1247,1246
1246,1247
1248,1247
1247,1248
1248,1243
1243,1248
1249,1247
1247,1249
1250,1249
1249,1250
1251,1249
1249,1251
1252,1246
1246,1252
1253,1252
1252,1253
1254,1253
1253,1254
1255,1254
1254,1255
1256,1255
1255,1256
1257,1256
1256,1257
1257,1252
1252,1257
1258,1257
1257,1258
1258,1245
1245,1258
1259,1255
1255,1259
1260,1259
1259,1260
1261,1259
1259,1261
1263,1262
1262,1263
1264,1263
1263,1264
1265,1264
1264,1265
1266,1265
1265,1266
1267,1266
1266,1267
1267,1262
1262,1267
1268,1267
1267,1268
1269,1268
1268,1269
1270,1268
1268,1270
1271,1265
1265,1271
1272,1271
1271,1272
1273,1271
1271,1273
1274,1273
1273,1274
1275,1273
1273,1275
1275,1264
1264,1275
1277,1276
1276,1277
1278,1277
1277,1278
1279,1278
1278,1279
1280,1279
1279,1280
1281,1280
1280,1281
1282,1281
1281,1282
1283,1282
1282,1283
1283,1278
1278,1283
1284,1283
1283,1284
1285,1284
1284,1285
1285,1276
1276,1285
1286,1285
1285,1286
1287,1286
1286,1287
1288,1287
1287,1288
1289,1288
1288,1289
1289,1284
1284,1289
1290,1289
1289,1290
1291,1290
1290,1291
1291,1282
1282,1291
1292,1291
1291,1292
1293,1292
1292,1293
1294,1293
1293,1294
1295,1294
1294,1295
1295,1290
1290,1295
1296,1288
1288,1296
1297,1296
1296,1297
1298,1296
1296,1298
1299,1281
1281,1299
1300,1299
1299,1300
1301,1299
1299,1301
1303,1302
1302,1303
1304,1303
1303,1304
1305,1304
1304,1305
1306,1305
1305,1306
1307,1306
1306,1307
1307,1302
1302,1307
1308,1306
1306,1308
1309,1308
1308,1309
1310,1309
1309,1310
1310,1305
1305,1310
1311,1310
1310,1311
1312,1311
1311,1312
1313,1312
1312,1313
1314,1313
1313,1314
1314,1309
1309,1314
1315,1313
1313,1315
1316,1315
1315,1316
1317,1315
1315,1317
1319,1318
1318,1319
1320,1319
1319,1320
1321,1320
1320,1321
1322,1321
1321,1322
1323,1322
1322,1323
1323,1318
1318,1323
1324,1322
1322,1324
1325,1324
1324,1325
1326,1325
1325,1326
1327,1326
1326,1327
1328,1327
1327,1328
1329,1328
1328,1329
1329,1324
1324,1329
1330,1328
1328,1330
1331,1321
1321,1331
1332,1331
1331,1332
1333,1331
1331,1333
1335,1334
1334,1335
1336,1335
1335,1336
1337,1336
1336,1337
1338,1337
1337,1338
1339,1338
1338,1339
1340,1339
1339,1340
1341,1340
1340,1341
1341,1336
1336,1341
1342,1341
1341,1342
1343,1342
1342,1343
1343,1334
1334,1343
1344,1342
1342,1344
1345,1344
1344,1345
1345,1340
1340,1345
1346,1345
1345,1346
1347,1346
1346,1347
1348,1347
1347,1348
1349,1348
1348,1349
1350,1349
1349,1350
1351,1350
1350,1351
1352,1351
1351,1352
1352,1347
1347,1352
1353,1352
1352,1353
1353,1344
1344,1353
1354,1349
1349,1354
1355,1354
1354,1355
1356,1354
1354,1356
1358,1357
1357,1358
1359,1358
1358,1359
1360,1359
1359,1360
1361,1360
1360,1361
1362,1361
1361,1362
1362,1357
1357,1362
1363,1362
1362,1363
1364,1363
1363,1364
1365,1364
1364,1365
1366,1365
1365,1366
1367,1366
1366,1367
1368,1367
1367,1368
1368,1363
1363,1368
1369,1366
1366,1369
1370,1369
1369,1370
1371,1369
1369,1371
1372,1359
1359,1372
1373,1372
1372,1373
1374,1372
1372,1374
1376,1375
1375,1376
1377,1376
1376,1377
1378,1377
1377,1378
1379,1378
1378,1379
1380,1379
1379,1380
1380,1375
1375,1380
1381,1379
1379,1381
1382,1381
1381,1382
1383,1381
1381,1383
1384,1378
1378,1384
1386,1385
1385,1386
1387,1386
1386,1387
1388,1387
1387,1388
1389,1388
1388,1389
1390,1389
1389,1390
1390,1385
1385,1390
1391,1389
1389,1391
1392,1391
1391,1392
1393,1392
1392,1393
1394,1393
1393,1394
1395,1394
1394,1395
1396,1395
1395,1396
1396,1391
1391,1396
1397,1395
1395,1397
1398,1397
1397,1398
1399,1397
1397,1399
1400,1388
1388,1400
1402,1401
1401,1402
1403,1402
1402,1403
1404,1403
1403,1404
1405,1404
1404,1405
1406,1405
1405,1406
1407,1406
1406,1407
1407,1402
1402,1407
1408,1407
1407,1408
1409,1408
1408,1409
1410,1409
1409,1410
1411,1410
1410,1411
1412,1411
1411,1412
1413,1412
1412,1413
1413,1408
1408,1413
1414,1411
1411,1414
1415,1414
1414,1415
1416,1414
1414,1416
1418,1417
1417,1418
1419,1418
1418,1419
1420,1419
1419,1420
1421,1420
1420,1421
1422,1421
1421,1422
1422,1417
1417,1422
1423,1421
1421,1423
1424,1423
1423,1424
1425,1424
1424,1425
1426,1425
1425,1426
1427,1426
1426,1427
1428,1427
1427,1428
1429,1428
1428,1429
1429,1424
1424,1429
1430,1429
1429,1430
1430,1420
1420,1430
1431,1427
1427,1431
1432,1431
1431,1432
1433,1431
1431,1433
1435,1434
1434,1435
1436,1435
1435,1436
1437,1436
1436,1437
1438,1437
1437,1438
1439,1438
1438,1439
1440,1439
1439,1440
1441,1440
1440,1441
1441,1436
1436,1441
1442,1441
1441,1442
1443,1442
1442,1443
1443,1434
1434,1443
1444,1442
1442,1444
1445,1444
1444,1445
1445,1440
1440,1445
1446,1445
1445,1446
1447,1446
1446,1447
1448,1447
1447,1448
1449,1448
1448,1449
1449,1444
1444,1449
1450,1446
1446,1450
1451,1450
1450,1451
1452,1450
1450,1452
1454,1453
1453,1454
1455,1454
1454,1455
1456,1455
1455,1456
1457,1456
1456,1457
1458,1457
1457,1458
1458,1453
1453,1458
1459,1457
1457,1459
1460,1459
1459,1460
1461,1459
1459,1461
1462,1455
1455,1462
1463,1462
1462,1463
1464,1462
1462,1464
1466,1465
1465,1466
1467,1466
1466,1467
1468,1467
1467,1468
1469,1468
1468,1469
1470,1469
1469,1470
1470,1465
1465,1470
1471,1469
1469,1471
1472,1471
1471,1472
1473,1472
1472,1473
1474,1473
1473,1474
1475,1474
1474,1475
1476,1475
1475,1476
1476,1471
1471,1476
1477,1476
1476,1477
1477,1468
1468,1477
1478,1477
1477,1478
1479,1478
1478,1479
1480,1479
1479,1480
1480,1475
1475,1480
1481,1479
1479,1481
1482,1481
1481,1482
1483,1481
1481,1483
1484,1478
1478,1484
1485,1484
1484,1485
1486,1484
1484,1486
1487,1474
1474,1487
1488,1487
1487,1488
1489,1487
1487,1489
1491,1490
1490,1491
1492,1491
1491,1492
1493,1492
1492,1493
1494,1493
1493,1494
1495,1494
1494,1495
1496,1495
1495,1496
1497,1496
1496,1497
1498,1497
1497,1498
1499,1498
1498,1499
1500,1499
1499,1500
1500,1495
1495,1500
1501,1500
1500,1501
1501,1493
1493,1501
1502,1501
1501,1502
1502,1490
1490,1502
1503,1497
1497,1503
1504,1503
1503,1504
1505,1503
1503,1505
1507,1506
1506,1507
1508,1507
1507,1508
1509,1508
1508,1509
1510,1509
1509,1510
1511,1510
1510,1511
1512,1511
1511,1512
1513,1512
1512,1513
1513,1508
1508,1513
1514,1511
1511,1514
1515,1514
1514,1515
1516,1514
1514,1516
1518,1517
1517,1518
1519,1518
1518,1519
1520,1519
1519,1520
1521,1520
1520,1521
1522,1521
1521,1522
1522,1517
1517,1522
1523,1521
1521,1523
1524,1523
1523,1524
1525,1524
1524,1525
1526,1525
1525,1526
1527,1526
1526,1527
1528,1527
1527,1528
1529,1528
1528,1529
1530,1529
1529,1530
1530,1525
1525,1530
1531,1530
1530,1531
1532,1531
1531,1532
1533,1532
1532,1533
1533,1524
1524,1533
1534,1533
1533,1534
1534,1520
1520,1534
1535,1534
1534,1535
1536,1535
1535,1536
1536,1532
1532,1536
1537,1536
1536,1537
1538,1537
1537,1538
1539,1537
1537,1539
1541,1540
1540,1541
1542,1541
1541,1542
1543,1542
1542,1543
1544,1543
1543,1544
1545,1544
1544,1545
1546,1545
1545,1546
1547,1546
1546,1547
1548,1547
1547,1548
1549,1548
1548,1549
1550,1549
1549,1550
1551,1550
1550,1551
1551,1546
1546,1551
1552,1551
1551,1552
1553,1552
1552,1553
1554,1553
1553,1554
1554,1545
1545,1554
1555,1554
1554,1555
1556,1555
1555,1556
1556,1543
1543,1556
1557,1556
1556,1557
1557,1540
1540,1557
1558,1552
1552,1558
1559,1558
1558,1559
1559,1550
1550,1559
1560,1558
1558,1560
1561,1560
1560,1561
1562,1560
1560,1562
1564,1563
1563,1564
1565,1564
1564,1565
1566,1565
1565,1566
1567,1566
1566,1567
1568,1567
1567,1568
1568,1563
1563,1568
1569,1567
1567,1569
1570,1569
1569,1570
1571,1570
1570,1571
1572,1571
1571,1572
1573,1572
1572,1573
1574,1573
1573,1574
1574,1569
1569,1574
1575,1574
1574,1575
1575,1566
1566,1575
1576,1571
1571,1576
1577,1576
1576,1577
1578,1576
1576,1578
1580,1579
1579,1580
1581,1580
1580,1581
1582,1580
1580,1582
1583,1582
1582,1583
1584,1583
1583,1584
1585,1584
1584,1585
1586,1585
1585,1586
1587,1586
1586,1587
1587,1582
1582,1587
1588,1585
1585,1588
1589,1588
1588,1589
1590,1588
1588,1590
1592,1591
1591,1592
1593,1592
1592,1593
1594,1593
1593,1594
1595,1594
1594,1595
1596,1595
1595,1596
1597,1596
1596,1597
1598,1597
1597,1598
1598,1593
1593,1598
1599,1598
1598,1599
1600,1599
1599,1600
1601,1599
1599,1601
1602,1594
1594,1602
1603,1602
1602,1603
1603,1592
1592,1603
1605,1604
1604,1605
1606,1605
1605,1606
1607,1606
1606,1607
1608,1607
1607,1608
1609,1608
1608,1609
1609,1604
1604,1609
1610,1608
1608,1610
1611,1610
1610,1611
1612,1611
1611,1612
1613,1612
1612,1613
1614,1613
1613,1614
1615,1614
1614,1615
1615,1610
1610,1615
1616,1615
1615,1616
1617,1616
1616,1617
1617,1607
1607,1617
1618,1617
1617,1618
1619,1618
1618,1619
1620,1619
1619,1620
1621,1620
1620,1621
1621,1616
1616,1621
1622,1621
1621,1622
1623,1622
1622,1623
1623,1614
1614,1623
1624,1618
1618,1624
1625,1624
1624,1625
1626,1624
1624,1626
1628,1627
1627,1628
1629,1628
1628,1629
1630,1629
1629,1630
1631,1630
1630,1631
1632,1631
1631,1632
1633,1632
1632,1633
1634,1633
1633,1634
1634,1629
1629,1634
1635,1634
1634,1635
1636,1635
1635,1636
1636,1627
1627,1636
1637,1636
1636,1637
1638,1637
1637,1638
1639,1638
1638,1639
1640,1639
1639,1640
1640,1635
1635,1640
1641,1640
1640,1641
1642,1641
1641,1642
1642,1633
1633,1642
1643,1639
1639,1643
1644,1643
1643,1644
1645,1643
1643,1645
1646,1631
1631,1646
1647,1646
1646,1647
1648,1647
1647,1648
1649,1648
1648,1649
1649,1630
1630,1649
1650,1647
1647,1650
1651,1646
1646,1651
1653,1652
1652,1653
1654,1653
1653,1654
1655,1654
1654,1655
1656,1655
1655,1656
1657,1656
1656,1657
1657,1652
1652,1657
1658,1656
1656,1658
1659,1658
1658,1659
1660,1659
1659,1660
1661,1660
1660,1661
1661,1655
1655,1661
1662,1661
1661,1662
1663,1662
1662,1663
1664,1663
1663,1664
1665,1664
1664,1665
1665,1660
1660,1665
1666,1664
1664,1666
1667,1666
1666,1667
1668,1666
1666,1668
1669,1662
1662,1669
1670,1669
1669,1670
1670,1654
1654,1670
1672,1671
1671,1672
1673,1672
1672,1673
1674,1673
1673,1674
1675,1674
1674,1675
1676,1675
1675,1676
1676,1671
1671,1676
1677,1675
1675,1677
1678,1677
1677,1678
1679,1678
1678,1679
1680,1679
1679,1680
1681,1680
1680,1681
1682,1681
1681,1682
1682,1677
1677,1682
1683,1682
1682,1683
1684,1683
1683,1684
1684,1674
1674,1684
1685,1684
1684,1685
1686,1685
1685,1686
1687,1686
1686,1687
1688,1687
1687,1688
1688,1683
1683,1688
1689,1688
1688,1689
1690,1689
1689,1690
1690,1681
1681,1690
1691,1687
1687,1691
1692,1691
1691,1692
1693,1691
1691,1693
1695,1694
1694,1695
1696,1695
1695,1696
1697,1696
1696,1697
1698,1697
1697,1698
1699,1698
1698,1699
1700,1699
1699,1700
1701,1700
1700,1701
1702,1701
1701,1702
1703,1702
1702,1703
1704,1703
1703,1704
1704,1699
1699,1704
1705,1704
1704,1705
1705,1696
1696,1705
1706,1705
1705,1706
1707,1706
1706,1707
1707,1694
1694,1707
1708,1706
1706,1708
1709,1708
1708,1709
1709,1703
1703,1709
1710,1709
1709,1710
1711,1710
1710,1711
1712,1710
1710,1712
1714,1713
1713,1714
1715,1714
1714,1715
1716,1715
1715,1716
1717,1716
1716,1717
1718,1717
1717,1718
1719,1718
1718,1719
1720,1719
1719,1720
1720,1715
1715,1720
1721,1720
1720,1721
1722,1721
1721,1722
1722,1713
1713,1722
1723,1721
1721,1723
1724,1723
1723,1724
1725,1723
1723,1725
1726,1718
1718,1726
1727,1726
1726,1727
1728,1726
1726,1728
1729,1717
1717,1729
1730,1729
1729,1730
1731,1729
1729,1731
1733,1732
1732,1733
1734,1733
1733,1734
1735,1734
1734,1735
1736,1735
1735,1736
1737,1736
1736,1737
1738,1737
1737,1738
1739,1738
1738,1739
1739,1734
1734,1739
1740,1739
1739,1740
1741,1740
1740,1741
1741,1732
1732,1741
1742,1741
1741,1742
1743,1742
1742,1743
1744,1743
1743,1744
1745,1744
1744,1745
1745,1740
1740,1745
1746,1745
1745,1746
1747,1746
1746,1747
1747,1738
1738,1747
1748,1744
1744,1748
1749,1748
1748,1749
1750,1748
1748,1750
1751,1737
1737,1751
1752,1751
1751,1752
1753,1751
1751,1753
1754,1735
1735,1754
1755,1754
1754,1755
1756,1754
1754,1756
1758,1757
1757,1758
1759,1758
1758,1759
1760,1759
1759,1760
1761,1760
1760,1761
1762,1761
1761,1762
1763,1762
1762,1763
1764,1763
1763,1764
1764,1759
1759,1764
1765,1763
1763,1765
1766,1765
1765,1766
1767,1766
1766,1767
1767,1762
1762,1767
1768,1767
1767,1768
1769,1768
1768,1769
1770,1769
1769,1770
1771,1770
1770,1771
1771,1766
1766,1771
1772,1770
1770,1772
1773,1772
1772,1773
1774,1772
1772,1774
1776,1775
1775,1776
1777,1776
1776,1777
1778,1777
1777,1778
1779,1778
1778,1779
1780,1779
1779,1780
1781,1780
1780,1781
1782,1781
1781,1782
1782,1777
1777,1782
1783,1782
1782,1783
1784,1783
1783,1784
1784,1775
1775,1784
1785,1783
1783,1785
1786,1785
1785,1786
1787,1785
1785,1787
1789,1788
1788,1789
1790,1789
1789,1790
1791,1790
1790,1791
1792,1791
1791,1792
1793,1792
1792,1793
1794,1793
1793,1794
1795,1794
1794,1795
1795,1790
1790,1795
1796,1795
1795,1796
1797,1796
1796,1797
1797,1788
1788,1797
1798,1796
1796,1798
1799,1798
1798,1799
1799,1794
1794,1799
1800,1799
1799,1800
1801,1800
1800,1801
1802,1800
1800,1802
1804,1803
1803,1804
1805,1804
1804,1805
1806,1805
1805,1806
1807,1806
1806,1807
1808,1807
1807,1808
1808,1803
1803,1808
1809,1807
1807,1809
1810,1805
1805,1810
1811,1810
1810,1811
1812,1811
1811,1812
1813,1812
1812,1813
1814,1813
1813,1814
1815,1814
1814,1815
1815,1810
1810,1815
1816,1814
1814,1816
1817,1816
1816,1817
1818,1816
1816,1818
1820,1819
1819,1820
1821,1820
1820,1821
1822,1821
1821,1822
1823,1822
1822,1823
1824,1823
1823,1824
1825,1824
1824,1825
1826,1825
1825,1826
1827,1826
1826,1827
1828,1827
1827,1828
1829,1828
1828,1829
1829,1824
1824,1829
1830,1829
1829,1830
1830,1821
1821,1830
1831,1830
1830,1831
1832,1831
1831,1832
1832,1819
1819,1832
1833,1831
1831,1833
1834,1833
1833,1834
1834,1828
1828,1834
1835,1834
1834,1835
1836,1835
1835,1836
1837,1836
1836,1837
1838,1837
1837,1838
1838,1833
1833,1838
1839,1825
1825,1839
1840,1839
1839,1840
1841,1839
1839,1841
1843,1842
1842,1843
1844,1843
1843,1844
1845,1844
1844,1845
1846,1845
1845,1846
1847,1846
1846,1847
1847,1842
1842,1847
1848,1847
1847,1848
1849,1848
1848,1849
1850,1848
1848,1850
1851,1850
1850,1851
1851,1846
1846,1851
1852,1851
1851,1852
1853,1852
1852,1853
1854,1853
1853,1854
1855,1854
1854,1855
1855,1850
1850,1855
1856,1854
1854,1856
1857,1856
1856,1857
1858,1856
1856,1858
1859,1852
1852,1859
1860,1859
1859,1860
1861,1859
1859,1861
1862,1845
1845,1862
1863,1862
1862,1863
1864,1862
1862,1864
1865,1843
1843,1865
1866,1865
1865,1866
1867,1865
1865,1867
1869,1868
1868,1869
1870,1869
1869,1870
1871,1870
1870,1871
1872,1871
1871,1872
1873,1872
1872,1873
1874,1873
1873,1874
1875,1874
1874,1875
1876,1875
1875,1876
1877,1876
1876,1877
1878,1877
1877,1878
1878,1873
1873,1878
1879,1878
1878,1879
1879,1870
1870,1879
1880,1879
1879,1880
1881,1880
1880,1881
1881,1868
1868,1881
1882,1880
1880,1882
1883,1882
1882,1883
1883,1877
1877,1883
1884,1875
1875,1884
1885,1884
1884,1885
1886,1884
1884,1886
1888,1887
1887,1888
1889,1888
1888,1889
1890,1889
1889,1890
1891,1890
1890,1891
1892,1891
1891,1892
1893,1892
1892,1893
1894,1893
1893,1894
1895,1894
1894,1895
1896,1895
1895,1896
1897,1896
1896,1897
1897,1892
1892,1897
1898,1897
1897,1898
1898,1889
1889,1898
1899,1898
1898,1899
1900,1899
1899,1900
1900,1887
1887,1900
1901,1899
1899,1901
1902,1901
1901,1902
1902,1896
1896,1902
1903,1902
1902,1903
1904,1903
1903,1904
1905,1904
1904,1905
1906,1905
1905,1906
1906,1901
1901,1906
1907,1895
1895,1907
1908,1907
1907,1908
1909,1907
1907,1909
1911,1910
1910,1911
1912,1911
1911,1912
1913,1912
1912,1913
1914,1913
1913,1914
1915,1914
1914,1915
1916,1915
1915,1916
1917,1916
1916,1917
1918,1917
1917,1918
1919,1918
1918,1919
1920,1919
1919,1920
1920,1915
1915,1920
1921,1920
1920,1921
1921,1912
1912,1921
1922,1921
1921,1922
1923,1922
1922,1923
1923,1910
1910,1923
1924,1914
1914,1924
1925,1924
1924,1925
1926,1924
1924,1926
1928,1927
1927,1928
1929,1928
1928,1929
1930,1929
1929,1930
1931,1930
1930,1931
1932,1931
1931,1932
1933,1932
1932,1933
1934,1933
1933,1934
1935,1934
1934,1935
1936,1935
1935,1936
1937,1936
1936,1937
1937,1932
1932,1937
1938,1937
1937,1938
1938,1929
1929,1938
1939,1938
1938,1939
1940,1939
1939,1940
1940,1927
1927,1940
1941,1939
1939,1941
1942,1941
1941,1942
1942,1936
1936,1942
1943,1942
1942,1943
1944,1935
1935,1944
1945,1944
1944,1945
1946,1944
1944,1946
1948,1947
1947,1948
1949,1948
1948,1949
1950,1949
1949,1950
1951,1950
1950,1951
1952,1951
1951,1952
1952,1947
1947,1952
1953,1951
1951,1953
1954,1953
1953,1954
1955,1954
1954,1955
1956,1955
1955,1956
1957,1956
1956,1957
1958,1957
1957,1958
1958,1953
1953,1958
1959,1958
1958,1959
1959,1950
1950,1959
1960,1959
1959,1960
1961,1960
1960,1961
1962,1961
1961,1962
1962,1957
1957,1962
1963,1962
1962,1963
1964,1963
1963,1964
1965,1963
1963,1965
1966,1961
1961,1966
1967,1966
1966,1967
1968,1966
1966,1968
1969,1955
1955,1969
1970,1969
1969,1970
1971,1969
1969,1971
1973,1972
1972,1973
1974,1973
1973,1974
1975,1974
1974,1975
1976,1975
1975,1976
1977,1976
1976,1977
1977,1972
1972,1977
1978,1976
1976,1978
1979,1978
1978,1979
1980,1979
1979,1980
1981,1980
1980,1981
1982,1981
1981,1982
1983,1982
1982,1983
1983,1978
1978,1983
1984,1983
1983,1984
1984,1975
1975,1984
1985,1984
1984,1985
1986,1985
1985,1986
1987,1986
1986,1987
1987,1982
1982,1987
1988,1987
1987,1988
1989,1988
1988,1989
1990,1988
1988,1990
1992,1991
1991,1992
1993,1992
1992,1993
1994,1993
1993,1994
1995,1994
1994,1995
1996,1995
1995,1996
1997,1996
1996,1997
1998,1997
1997,1998
1999,1998
1998,1999
2000,1999
1999,2000
2001,2000
2000,2001
2001,1996
1996,2001
2002,2001
2001,2002
2002,1993
1993,2002
2003,2002
2002,2003
2004,2003
2003,2004
2004,1991
1991,2004
2005,2004
2004,2005
2006,2005
2005,2006
2007,2006
2006,2007
2008,2007
2007,2008
2008,2003
2003,2008
2009,2008
2008,2009
2009,2000
2000,2009
2010,2009
2009,2010
2011,2010
2010,2011
2012,2011
2011,2012
2012,2007
2007,2012
2013,2012
2012,2013
2014,2013
2013,2014
2015,2013
2013,2015
2016,1997
1997,2016
2017,2016
2016,2017
2018,2016
2016,2018
2020,2019
2019,2020
2021,2020
2020,2021
2022,2021
2021,2022
2023,2022
2022,2023
2024,2023
2023,2024
2024,2019
2019,2024
2025,2023
2023,2025
2026,2025
2025,2026
2027,2025
2025,2027
2028,2022
2022,2028
2029,2028
2028,2029
2030,2029
2029,2030
2031,2030
2030,2031
2032,2031
2031,2032
2033,2032
2032,2033
2033,2028
2028,2033
2034,2033
2033,2034
2035,2034
2034,2035
2036,2034
2034,2036
2037,2031
2031,2037
2038,2037
2037,2038
2039,2037
2037,2039
2040,2021
2021,2040
2041,2040
2040,2041
2042,2040
2040,2042
2044,2043
2043,2044
2045,2044
2044,2045
2046,2045
2045,2046
2047,2046
2046,2047
2048,2047
2047,2048
2048,2043
2043,2048
2049,2048
2048,2049
2050,2049
2049,2050
2051,2045
2045,2051
2052,2051
2051,2052
2053,2051
2051,2053
2055,2054
2054,2055
2056,2055
2055,2056
2057,2056
2056,2057
2058,2057
2057,2058
2059,2058
2058,2059
2060,2059
2059,2060
2061,2060
2060,2061
2061,2056
2056,2061
2062,2061
2061,2062
2063,2062
2062,2063
2063,2054
2054,2063
2064,2062
2062,2064
2065,2064
2064,2065
2065,2060
2060,2065
2066,2059
2059,2066
2067,2066
2066,2067
2068,2066
2066,2068
2070,2069
2069,2070
2071,2070
2070,2071
2072,2071
2071,2072
2073,2072
2072,2073
2074,2073
2073,2074
2074,2069
2069,2074
2075,2074
2074,2075
2076,2075
2075,2076
2077,2075
2075,2077
2078,2072
2072,2078
2079,2078
2078,2079
2080,2078
2078,2080
2081,2071
2071,2081
2083,2082
2082,2083
2084,2083
2083,2084
2085,2084
2084,2085
2086,2085
2085,2086
2087,2086
2086,2087
2087,2082
2082,2087
2088,2086
2086,2088
2089,2088
2088,2089
2090,2089
2089,2090
2091,2090
2090,2091
2092,2091
2091,2092
2093,2092
2092,2093
2093,2088
2088,2093
2094,2091
2091,2094
2095,2094
2094,2095
2096,2094
2094,2096
2097,2085
2085,2097
2099,2098
2098,2099
2100,2099
2099,2100
2101,2100
2100,2101
2102,2101
2101,2102
2103,2102
2102,2103
2103,2098
2098,2103
2104,2103
2103,2104
2105,2104
2104,2105
2106,2104
2104,2106
2107,2101
2101,2107
2108,2107
2107,2108
2109,2108
2108,2109
2109,2100
2100,2109
2111,2110
2110,2111
2112,2111
2111,2112
2113,2112
2112,2113
2114,2113
2113,2114
2115,2114
2114,2115
2115,2110
2110,2115
2116,2115
2115,2116
2117,2116
2116,2117
2118,2116
2116,2118
2119,2112
2112,2119
2121,2120
2120,2121
2122,2121
2121,2122
2123,2122
2122,2123
2124,2123
2123,2124
2125,2124
2124,2125
2125,2120
2120,2125
2126,2124
2124,2126
2127,2126
2126,2127
2128,2126
2126,2128
2129,2122
2122,2129
2130,2129
2129,2130
2131,2130
2130,2131
2132,2131
2131,2132
2133,2132
2132,2133
2134,2133
2133,2134
2134,2129
2129,2134
2135,2134
2134,2135
2136,2135
2135,2136
2137,2135
2135,2137
2138,2132
2132,2138
2139,2138
2138,2139
2140,2138
2138,2140
2142,2141
2141,2142
2143,2142
2142,2143
2144,2143
2143,2144
2145,2144
2144,2145
2146,2145
2145,2146
2147,2146
2146,2147
2148,2147
2147,2148
2148,2143
2143,2148
2149,2148
2148,2149
2150,2149
2149,2150
2150,2141
2141,2150
2151,2150
2150,2151
2152,2151
2151,2152
2153,2152
2152,2153
2154,2153
2153,2154
2154,2149
2149,2154
2155,2154
2154,2155
2156,2155
2155,2156
2156,2147
2147,2156
2157,2153
2153,2157
2158,2157
2157,2158
2159,2157
2157,2159
2160,2145
2145,2160
2161,2160
2160,2161
2162,2161
2161,2162
2163,2162
2162,2163
2163,2144
2144,2163
2165,2164
2164,2165
2166,2165
2165,2166
2167,2166
2166,2167
2168,2167
2167,2168
2169,2168
2168,2169
2169,2164
2164,2169
2170,2168
2168,2170
2171,2170
2170,2171
2172,2171
2171,2172
2173,2172
2172,2173
2174,2173
2173,2174
2175,2174
2174,2175
2175,2170
2170,2175
2176,2175
2175,2176
2177,2176
2176,2177
2178,2176
2176,2178
2179,2173
2173,2179
2180,2179
2179,2180
2181,2179
2179,2181
2182,2167
2167,2182
2183,2182
2182,2183
2184,2182
2182,2184
2186,2185
2185,2186
2187,2186
2186,2187
2188,2187
2187,2188
2189,2188
2188,2189
2190,2189
2189,2190
2191,2190
2190,2191
2192,2191
2191,2192
2192,2187
2187,2192
2193,2192
2192,2193
2194,2193
2193,2194
2194,2186
2186,2194
2195,2190
2190,2195
2196,2195
2195,2196
2197,2195
2195,2197
2199,2198
2198,2199
2200,2199
2199,2200
2201,2200
2200,2201
2202,2201
2201,2202
2203,2202
2202,2203
2203,2198
2198,2203
2204,2202
2202,2204
2205,2204
2204,2205
2206,2205
2205,2206
2207,2206
2206,2207
2208,2207
2207,2208
2209,2208
2208,2209
2209,2204
2204,2209
2210,2209
2209,2210
2210,2201
2201,2210
2211,2210
2210,2211
2212,2211
2211,2212
2213,2212
2212,2213
2213,2208
2208,2213
2214,2212
2212,2214
2215,2214
2214,2215
2216,2214
2214,2216
2217,2211
2211,2217
2218,2217
2217,2218
2219,2217
2217,2219
2220,2206
2206,2220
2221,2220
2220,2221
2222,2220
2220,2222
2224,2223
2223,2224
2225,2224
2224,2225
2226,2225
2225,2226
2227,2226
2226,2227
2228,2227
2227,2228
2228,2223
2223,2228
2229,2227
2227,2229
2230,2229
2229,2230
2231,2230
2230,2231
2232,2231
2231,2232
2232,2226
2226,2232
2233,2232
2232,2233
2234,2233
2233,2234
2235,2234
2234,2235
2236,2235
2235,2236
2236,2231
2231,2236
2237,2236
2236,2237
2238,2237
2237,2238
2239,2238
2238,2239
2240,2239
2239,2240
2240,2235
2235,2240
2241,2234
2234,2241
2242,2241
2241,2242
2243,2241
2241,2243
2245,2244
2244,2245
2246,2245
2245,2246
2247,2246
2246,2247
2248,2247
2247,2248
2249,2248
2248,2249
2250,2249
2249,2250
2250,2245
2245,2250
2251,2250
2250,2251
2252,2251
2251,2252
2253,2252
2252,2253
2254,2253
2253,2254
2255,2254
2254,2255
2256,2255
2255,2256
2256,2251
2251,2256
2257,2255
2255,2257
2258,2254
2254,2258
2259,2258
2258,2259
2260,2258
2258,2260
2262,2261
2261,2262
2263,2262
2262,2263
2264,2263
2263,2264
2265,2264
2264,2265
2266,2265
2265,2266
2266,2261
2261,2266
2267,2266
2266,2267
2268,2264
2264,2268
2269,2263
2263,2269
2270,2269
2269,2270
2271,2269
2269,2271
2273,2272
2272,2273
2274,2273
2273,2274
2275,2274
2274,2275
2276,2275
2275,2276
2277,2276
2276,2277
2278,2277
2277,2278
2279,2278
2278,2279
2280,2279
2279,2280
2281,2280
2280,2281
2282,2281
2281,2282
2282,2277
2277,2282
2283,2282
2282,2283
2283,2274
2274,2283
2284,2283
2283,2284
2285,2284
2284,2285
2285,2272
2272,2285
2286,2284
2284,2286
2287,2286
2286,2287
2287,2281
2281,2287
2288,2279
2279,2288
2289,2288
2288,2289
2290,2288
2288,2290
2292,2291
2291,2292
2293,2292
2292,2293
2294,2293
2293,2294
2295,2294
2294,2295
2296,2295
2295,2296
2296,2291
2291,2296
2297,2295
2295,2297
2298,2297
2297,2298
2299,2297
2297,2299
2300,2294
2294,2300
2301,2300
2300,2301
2302,2301
2301,2302
2303,2302
2302,2303
2304,2303
2303,2304
2305,2304
2304,2305
2306,2305
2305,2306
2306,2301
2301,2306
2307,2306
2306,2307
2307,2293
2293,2307
2308,2304
2304,2308
2309,2308
2308,2309
2310,2308
2308,2310
2312,2311
2311,2312
2313,2312
2312,2313
2314,2313
2313,2314
2315,2314
2314,2315
2316,2315
2315,2316
2316,2311
2311,2316
2317,2315
2315,2317
2318,2317
2317,2318
2319,2317
2317,2319
2320,2313
2313,2320
2321,2320
2320,2321
2322,2321
2321,2322
2323,2322
2322,2323
2324,2323
2323,2324
2325,2324
2324,2325
2325,2320
2320,2325
2326,2324
2324,2326
2327,2326
2326,2327
2328,2326
2326,2328
2329,2323
2323,2329
2330,2329
2329,2330
2331,2329
2329,2331
2333,2332
2332,2333
2334,2333
2333,2334
2335,2334
2334,2335
2336,2335
2335,2336
2337,2336
2336,2337
2338,2337
2337,2338
2339,2338
2338,2339
2340,2339
2339,2340
2340,2335
2335,2340
2341,2340
2340,2341
2341,2332
2332,2341
2342,2339
2339,2342
2343,2342
2342,2343
2344,2342
2342,2344
2345,2336
2336,2345
2346,2345
2345,2346
2346,2334
2334,2346
2348,2347
2347,2348
2349,2348
2348,2349
2350,2349
2349,2350
2351,2350
2350,2351
2352,2351
2351,2352
2352,2347
2347,2352
2353,2352
2352,2353
2354,2353
2353,2354
2355,2353
2353,2355
2356,2350
2350,2356
2357,2356
2356,2357
2358,2356
2356,2358
2359,2349
2349,2359
2360,2359
2359,2360
2362,2361
2361,2362
2363,2362
2362,2363
2364,2363
2363,2364
2365,2364
2364,2365
2366,2365
2365,2366
2367,2366
2366,2367
2368,2367
2367,2368
2368,2363
2363,2368
2369,2368
2368,2369
2370,2369
2369,2370
2371,2369
2369,2371
2373,2372
2372,2373
2374,2373
2373,2374
2375,2374
2374,2375
2376,2375
2375,2376
2377,2376
2376,2377
2377,2372
2372,2377
2378,2375
2375,2378
2379,2378
2378,2379
2380,2379
2379,2380
2381,2380
2380,2381
2382,2380
2380,2382
2383,2382
2382,2383
2384,2383
2383,2384
2385,2384
2384,2385
2386,2385
2385,2386
2387,2386
2386,2387
2387,2382
2382,2387
2388,2385
2385,2388
2389,2388
2388,2389
2390,2388
2388,2390
2392,2391
2391,2392
2393,2392
2392,2393
2394,2393
2393,2394
2395,2394
2394,2395
2396,2395
2395,2396
2396,2391
2391,2396
2397,2395
2395,2397
2398,2397
2397,2398
2399,2394
2394,2399
2400,2399
2399,2400
2401,2399
2399,2401
2403,2402
2402,2403
2404,2403
2403,2404
2405,2404
2404,2405
2406,2405
2405,2406
2407,2406
2406,2407
2407,2402
2402,2407
2408,2407
2407,2408
2409,2406
2406,2409
2410,2404
2404,2410
2411,2410
2410,2411
2412,2411
2411,2412
2413,2412
2412,2413
2414,2413
2413,2414
2415,2414
2414,2415
2416,2415
2415,2416
2416,2411
2411,2416
2417,2416
2416,2417
2418,2415
2415,2418
2419,2418
2418,2419
2420,2418
2418,2420
2421,2414
2414,2421
2422,2412
2412,2422
2422,2403
2403,2422
2424,2423
2423,2424
2425,2424
2424,2425
2426,2425
2425,2426
2427,2426
2426,2427
2428,2427
2427,2428
2429,2428
2428,2429
2430,2429
2429,2430
2430,2425
2425,2430
2431,2430
2430,2431
2432,2431
2431,2432
2432,2423
2423,2432
2433,2432
2432,2433
2434,2433
2433,2434
2435,2434
2434,2435
2436,2435
2435,2436
2436,2431
2431,2436
2437,2436
2436,2437
2438,2437
2437,2438
2438,2429
2429,2438
2439,2434
2434,2439
2440,2439
2439,2440
2441,2439
2439,2441
2442,2427
2427,2442
2443,2442
2442,2443
2444,2442
2442,2444
2446,2445
2445,2446
2447,2446
2446,2447
2448,2447
2447,2448
2449,2448
2448,2449
2450,2449
2449,2450
2450,2445
2445,2450
2451,2450
2450,2451
2452,2451
2451,2452
2453,2451
2451,2453
2454,2448
2448,2454
2455,2447
2447,2455
2457,2456
2456,2457
2458,2457
2457,2458
2459,2458
2458,2459
2460,2459
2459,2460
2461,2460
2460,2461
2462,2461
2461,2462
2463,2462
2462,2463
2464,2463
2463,2464
2465,2464
2464,2465
2466,2465
2465,2466
2466,2461
2461,2466
2467,2466
2466,2467
2467,2458
2458,2467
2468,2467
2467,2468
2469,2468
2468,2469
2469,2456
2456,2469
2470,2468
2468,2470
2471,2470
2470,2471
2471,2465
2465,2471
2472,2464
2464,2472
2473,2462
2462,2473
2474,2473
2473,2474
2475,2473
2473,2475
2477,2476
2476,2477
2478,2477
2477,2478
2479,2478
2478,2479
2480,2479
2479,2480
2481,2480
2480,2481
2481,2476
2476,2481
2482,2480
2480,2482
2483,2482
2482,2483
2484,2483
2483,2484
2485,2484
2484,2485
2486,2485
2485,2486
2487,2486
2486,2487
2487,2482
2482,2487
2488,2487
2487,2488
2488,2479
2479,2488
2489,2488
2488,2489
2490,2489
2489,2490
2491,2490
2490,2491
2491,2486
2486,2491
2492,2491
2491,2492
2493,2492
2492,2493
2494,2492
2492,2494
2495,2490
2490,2495
2496,2495
2495,2496
2497,2495
2495,2497
2499,2498
2498,2499
2500,2499
2499,2500
2501,2500
2500,2501
2502,2501
2501,2502
2503,2502
2502,2503
2504,2503
2503,2504
2505,2504
2504,2505
2506,2505
2505,2506
2506,2501
2501,2506
2507,2506
2506,2507
2507,2499
2499,2507
2508,2503
2503,2508
2509,2508
2508,2509
2510,2508
2508,2510
2512,2511
2511,2512
2513,2512
2512,2513
2514,2513
2513,2514
2515,2514
2514,2515
2516,2515
2515,2516
2516,2511
2511,2516
2517,2516
2516,2517
2518,2514
2514,2518
2519,2518
2518,2519
2520,2518
2518,2520
2521,2513
2513,2521
2523,2522
2522,2523
2524,2523
2523,2524
2525,2524
2524,2525
2526,2525
2525,2526
2527,2526
2526,2527
2528,2527
2527,2528
2529,2528
2528,2529
2529,2524
2524,2529
2530,2529
2529,2530
2531,2530
2530,2531
2531,2522
2522,2531
2532,2530
2530,2532
2533,2532
2532,2533
2534,2532
2532,2534
2535,2528
2528,2535
2536,2535
2535,2536
2537,2535
2535,2537
2539,2538
2538,2539
2540,2539
2539,2540
2541,2540
2540,2541
2542,2541
2541,2542
2543,2542
2542,2543
2543,2538
2538,2543
2544,2542
2542,2544
2545,2541
2541,2545
2546,2540
2540,2546
2547,2546
2546,2547
2548,2546
2546,2548
2550,2549
2549,2550
2551,2550
2550,2551
2552,2551
2551,2552
2553,2552
2552,2553
2554,2553
2553,2554
2554,2549
2549,2554
2555,2554
2554,2555
2556,2555
2555,2556
2557,2556
2556,2557
2558,2557
2557,2558
2559,2558
2558,2559
2560,2559
2559,2560
2561,2560
2560,2561
2561,2556
2556,2561
2562,2561
2561,2562
2562,2553
2553,2562
2563,2559
2559,2563
2564,2558
2558,2564
2565,2551
2551,2565
2566,2550
2550,2566
2567,2566
2566,2567
2568,2566
2566,2568
2570,2569
2569,2570
2571,2570
2570,2571
2572,2571
2571,2572
2573,2572
2572,2573
2574,2573
2573,2574
2575,2574
2574,2575
2576,2575
2575,2576
2577,2576
2576,2577
2577,2572
2572,2577
2578,2577
2577,2578
2579,2578
2578,2579
2580,2578
2578,2580
2582,2581
2581,2582
2583,2582
2582,2583
2584,2583
2583,2584
2585,2584
2584,2585
2586,2585
2585,2586
2586,2581
2581,2586
2587,2586
2586,2587
2588,2584
2584,2588
2589,2588
2588,2589
2590,2588
2588,2590
2591,2583
2583,2591
2593,2592
2592,2593
2594,2593
2593,2594
2595,2594
2594,2595
2596,2595
2595,2596
2597,2596
2596,2597
2597,2592
2592,2597
2598,2596
2596,2598
2599,2594
2594,2599
2600,2599
2599,2600
2601,2600
2600,2601
2602,2601
2601,2602
2603,2602
2602,2603
2604,2603
2603,2604
2604,2599
2599,2604
2605,2602
2602,2605
2606,2605
2605,2606
2607,2605
2605,2607
2609,2608
2608,2609
2610,2609
2609,2610
2611,2610
2610,2611
2612,2611
2611,2612
2613,2612
2612,2613
2613,2608
2608,2613
2614,2613
2613,2614
2615,2614
2614,2615
2616,2615
2615,2616
2617,2616
2616,2617
2618,2617
2617,2618
2619,2618
2618,2619
2619,2614
2614,2619
2620,2617
2617,2620
2621,2620
2620,2621
2622,2620
2620,2622
2623,2610
2610,2623
2625,2624
2624,2625
2626,2625
2625,2626
2627,2626
2626,2627
2628,2627
2627,2628
2629,2628
2628,2629
2630,2629
2629,2630
2631,2630
2630,2631
2632,2631
2631,2632
2632,2627
2627,2632
2633,2632
2632,2633
2633,2625
2625,2633
2634,2629
2629,2634
2635,2634
2634,2635
2636,2634
2634,2636
2638,2637
2637,2638
2639,2638
2638,2639
2640,2639
2639,2640
2641,2640
2640,2641
2642,2641
2641,2642
2643,2642
2642,2643
2644,2643
2643,2644
2644,2639
2639,2644
2645,2644
2644,2645
2646,2645
2645,2646
2646,2637
2637,2646
2647,2645
2645,2647
2648,2647
2647,2648
2648,2643
2643,2648
2649,2642
2642,2649
2650,2649
2649,2650
2651,2649
2649,2651
2653,2652
2652,2653
2654,2653
2653,2654
2655,2654
2654,2655
2656,2655
2655,2656
2657,2656
2656,2657
2657,2652
2652,2657
2658,2657
2657,2658
2659,2658
2658,2659
2660,2658
2658,2660
2661,2655
2655,2661
2662,2661
2661,2662
2663,2662
2662,2663
2664,2663
2663,2664
2665,2664
2664,2665
2666,2665
2665,2666
2667,2666
2666,2667
2667,2662
2662,2667
2668,2667
2667,2668
2668,2654
2654,2668
2669,2665
2665,2669
2670,2669
2669,2670
2671,2669
2669,2671
2673,2672
2672,2673
2674,2673
2673,2674
2675,2674
2674,2675
2676,2675
2675,2676
2677,2676
2676,2677
2677,2673
2673,2677
2678,2677
2677,2678
2679,2678
2678,2679
2680,2679
2679,2680
2681,2676
2676,2681
2682,2681
2681,2682
2683,2681
2681,2683
2685,2684
2684,2685
2686,2685
2685,2686
2687,2686
2686,2687
2688,2687
2687,2688
2689,2688
2688,2689
2690,2689
2689,2690
2690,2686
2686,2690
2691,2690
2690,2691
2692,2691
2691,2692
2692,2684
2684,2692
2693,2691
2691,2693
2694,2693
2693,2694
2695,2693
2693,2695
2697,2696
2696,2697
2698,2697
2697,2698
2699,2698
2698,2699
2700,2699
2699,2700
2701,2700
2700,2701
2701,2696
2696,2701
2702,2700
2700,2702
2703,2702
2702,2703
2704,2703
2703,2704
2705,2704
2704,2705
2706,2705
2705,2706
2707,2706
2706,2707
2707,2702
2702,2707
2708,2707
2707,2708
2708,2699
2699,2708
2709,2708
2708,2709
2710,2709
2709,2710
2711,2710
2710,2711
2711,2706
2706,2711
2712,2710
2710,2712
2713,2712
2712,2713
2714,2712
2712,2714
2715,2704
2704,2715
2716,2715
2715,2716
2717,2715
2715,2717
2719,2718
2718,2719
2720,2719
2719,2720
2721,2720
2720,2721
2722,2721
2721,2722
2723,2722
2722,2723
2724,2723
2723,2724
2725,2724
2724,2725
2726,2725
2725,2726
2726,2721
2721,2726
2727,2726
2726,2727
2727,2718
2718,2727
2728,2725
2725,2728
2729,2728
2728,2729
2730,2728
2728,2730
2731,2722
2722,2731
2732,2731
2731,2732
2732,2720
2720,2732
2734,2733
2733,2734
2735,2734
2734,2735
2736,2735
2735,2736
2737,2736
2736,2737
2738,2737
2737,2738
2739,2738
2738,2739
2739,2735
2735,2739
2740,2738
2738,2740
2741,2740
2740,2741
2742,2740
2740,2742
2743,2736
2736,2743
2744,2743
2743,2744
2744,2733
2733,2744
2746,2745
2745,2746
2747,2746
2746,2747
2748,2747
2747,2748
2749,2748
2748,2749
2750,2749
2749,2750
2751,2750
2750,2751
2752,2751
2751,2752
2752,2747
2747,2752
2753,2752
2752,2753
2754,2753
2753,2754
2755,2753
2753,2755
2756,2750
2750,2756
2757,2756
2756,2757
2758,2756
2756,2758
2760,2759
2759,2760
2761,2760
2760,2761
2762,2761
2761,2762
2763,2762
2762,2763
2764,2763
2763,2764
2764,2759
2759,2764
2765,2764
2764,2765
2766,2765
2765,2766
2767,2765
2765,2767
2768,2762
2762,2768
2769,2768
2768,2769
2770,2769
2769,2770
2770,2761
2761,2770
2772,2771
2771,2772
2773,2772
2772,2773
2774,2773
2773,2774
2775,2774
2774,2775
2776,2775
2775,2776
2777,2776
2776,2777
2778,2777
2777,2778
2778,2773
2773,2778
2779,2778
2778,2779
2780,2779
2779,2780
2780,2771
2771,2780
2781,2780
2780,2781
2782,2781
2781,2782
2783,2782
2782,2783
2784,2783
2783,2784
2784,2779
2779,2784
2785,2784
2784,2785
2786,2785
2785,2786
2786,2777
2777,2786
2787,2783
2783,2787
2788,2774
2774,2788
2789,2788
2788,2789
2790,2788
2788,2790
2792,2791
2791,2792
2793,2792
2792,2793
2794,2792
2792,2794
2795,2794
2794,2795
2796,2795
2795,2796
2797,2796
2796,2797
2798,2797
2797,2798
2799,2798
2798,2799
2800,2799
2799,2800
2800,2795
2795,2800
2801,2799
2799,2801
2802,2801
2801,2802
2803,2802
2802,2803
2803,2798
2798,2803
2804,2803
2803,2804
2805,2804
2804,2805
2806,2805
2805,2806
2807,2806
2806,2807
2807,2802
2802,2807
2808,2806
2806,2808
2809,2808
2808,2809
2810,2808
2808,2810
2812,2811
2811,2812
2813,2812
2812,2813
2814,2813
2813,2814
2815,2814
2814,2815
2816,2815
2815,2816
2817,2816
2816,2817
2818,2817
2817,2818
2818,2813
2813,2818
2819,2818
2818,2819
2820,2819
2819,2820
2820,2811
2811,2820
2821,2820
2820,2821
2822,2821
2821,2822
2823,2822
2822,2823
2824,2823
2823,2824
2824,2819
2819,2824
2825,2824
2824,2825
2826,2825
2825,2826
2826,2817
2817,2826
2827,2823
2823,2827
2828,2827
2827,2828
2829,2827
2827,2829
2830,2816
2816,2830
2832,2831
2831,2832
2833,2832
2832,2833
2834,2833
2833,2834
2835,2834
2834,2835
2836,2835
2835,2836
2836,2831
2831,2836
2837,2836
2836,2837
2838,2837
2837,2838
2839,2837
2837,2839
2840,2835
2835,2840
2841,2834
2834,2841
2842,2832
2832,2842
2843,2842
2842,2843
2844,2842
2842,2844
2846,2845
2845,2846
2847,2846
2846,2847
2848,2847
2847,2848
2849,2848
2848,2849
2850,2849
2849,2850
2850,2845
2845,2850
2851,2849
2849,2851
2852,2851
2851,2852
2853,2852
2852,2853
2854,2853
2853,2854
2855,2854
2854,2855
2856,2855
2855,2856
2856,2851
2851,2856
2857,2856
2856,2857
2858,2857
2857,2858
2858,2848
2848,2858
2859,2858
2858,2859
2860,2859
2859,2860
2861,2860
2860,2861
2862,2861
2861,2862
2862,2857
2857,2862
2863,2862
2862,2863
2864,2863
2863,2864
2864,2855
2855,2864
2865,2859
2859,2865
2866,2865
2865,2866
2867,2865
2865,2867
2868,2854
2854,2868
2869,2868
2868,2869
2870,2868
2868,2870
2872,2871
2871,2872
2873,2872
2872,2873
2874,2873
2873,2874
2875,2874
2874,2875
2876,2875
2875,2876
2876,2871
2871,2876
2877,2876
2876,2877
2878,2877
2877,2878
2879,2878
2878,2879
2880,2879
2879,2880
2881,2880
2880,2881
2882,2881
2881,2882
2882,2877
2877,2882
2883,2881
2881,2883
2884,2883
2883,2884
2885,2883
2883,2885
2886,2880
2880,2886
2887,2886
2886,2887
2888,2886
2886,2888
2889,2874
2874,2889
2890,2889
2889,2890
2891,2889
2889,2891
2892,2873
2873,2892
2893,2892
2892,2893
2894,2892
2892,2894
2896,2895
2895,2896
2897,2896
2896,2897
2898,2897
2897,2898
2899,2898
2898,2899
2900,2899
2899,2900
2901,2900
2900,2901
2902,2901
2901,2902
2902,2897
2897,2902
2903,2902
2902,2903
2904,2903
2903,2904
2904,2895
2895,2904
2905,2904
2904,2905
2906,2905
2905,2906
2907,2906
2906,2907
2908,2907
2907,2908
2908,2903
2903,2908
2909,2908
2908,2909
2910,2909
2909,2910
2910,2901
2901,2910
2911,2906
2906,2911
2912,2911
2911,2912
2913,2911
2911,2913
2914,2899
2899,2914
2915,2914
2914,2915
2916,2914
2914,2916
2918,2917
2917,2918
2919,2918
2918,2919
2920,2919
2919,2920
2921,2920
2920,2921
2922,2921
2921,2922
2923,2922
2922,2923
2924,2923
2923,2924
2925,2924
2924,2925
2926,2925
2925,2926
2927,2926
2926,2927
2927,2922
2922,2927
2928,2927
2927,2928
2928,2919
2919,2928
2929,2928
2928,2929
2930,2929
2929,2930
2930,2917
2917,2930
2931,2929
2929,2931
2932,2931
2931,2932
2932,2926
2926,2932
2933,2925
2925,2933
2934,2933
2933,2934
2935,2933
2933,2935
2936,2923
2923,2936
2937,2936
2936,2937
2938,2936
2936,2938
2940,2939
2939,2940
2941,2940
2940,2941
2942,2941
2941,2942
2943,2942
2942,2943
2944,2943
2943,2944
2945,2944
2944,2945
2946,2945
2945,2946
2946,2941
2941,2946
2947,2946
2946,2947
2948,2947
2947,2948
2948,2939
2939,2948
2949,2947
2947,2949
2950,2949
2949,2950
2950,2945
2945,2950
2951,2950
2950,2951
2952,2951
2951,2952
2953,2952
2952,2953
2954,2953
2953,2954
2954,2949
2949,2954
2955,2952
2952,2955
2956,2955
2955,2956
2957,2955
2955,2957
2959,2958
2958,2959
2960,2959
2959,2960
2961,2959
2959,2961
2962,2961
2961,2962
2963,2962
2962,2963
2964,2963
2963,2964
2965,2964
2964,2965
2966,2965
2965,2966
2967,2966
2966,2967
2968,2967
2967,2968
2969,2968
2968,2969
2970,2969
2969,2970
2971,2970
2970,2971
2972,2971
2971,2972
2973,2972
2972,2973
2973,2968
2968,2973
2974,2973
2973,2974
2974,2965
2965,2974
2975,2974
2974,2975
2975,2962
2962,2975
2976,2975
2975,2976
2977,2976
2976,2977
2977,2972
2972,2977
2978,2964
2964,2978
2979,2978
2978,2979
2980,2978
2978,2980
2982,2981
2981,2982
2983,2982
2982,2983
2984,2983
2983,2984
2985,2984
2984,2985
2986,2985
2985,2986
2987,2986
2986,2987
2988,2987
2987,2988
2988,2983
2983,2988
2989,2988
2988,2989
2990,2989
2989,2990
2990,2981
2981,2990
2991,2990
2990,2991
2992,2991
2991,2992
2993,2992
2992,2993
2994,2993
2993,2994
2994,2989
2989,2994
2995,2994
2994,2995
2996,2995
2995,2996
2996,2987
2987,2996
2997,2993
2993,2997
2998,2997
2997,2998
2999,2997
2997,2999
3000,2984
2984,3000
3001,3000
3000,3001
3002,3000
3000,3002
3004,3003
3003,3004
3005,3004
3004,3005
3006,3005
3005,3006
3007,3006
3006,3007
3008,3007
3007,3008
3009,3008
3008,3009
3010,3009
3009,3010
3010,3005
3005,3010
3011,3008
3008,3011
3012,3011
3011,3012
3013,3011
3011,3013
3015,3014
3014,3015
3016,3015
3015,3016
3017,3016
3016,3017
3018,3017
3017,3018
3019,3018
3018,3019
3019,3014
3014,3019
3020,3019
3019,3020
3021,3020
3020,3021
3022,3020
3020,3022
3023,3017
3017,3023
3024,3023
3023,3024
3025,3023
3023,3025
3026,3016
3016,3026
3028,3027
3027,3028
3029,3028
3028,3029
3030,3029
3029,3030
3031,3030
3030,3031
3032,3031
3031,3032
3032,3027
3027,3032
3033,3031
3031,3033
3034,3033
3033,3034
3035,3034
3034,3035
3036,3035
3035,3036
3037,3036
3036,3037
3038,3037
3037,3038
3039,3038
3038,3039
3039,3034
3034,3039
3040,3039
3039,3040
3040,3030
3030,3040
3041,3038
3038,3041
3042,3041
3041,3042
3043,3041
3041,3043
3045,3044
3044,3045
3046,3045
3045,3046
3047,3046
3046,3047
3048,3047
3047,3048
3049,3048
3048,3049
3049,3044
3044,3049
3050,3049
3049,3050
3051,3050
3050,3051
3052,3050
3050,3052
3053,3047
3047,3053
3054,3053
3053,3054
3055,3053
3053,3055
3056,3046
3046,3056
3057,3056
3056,3057
3058,3057
3057,3058
3059,3058
3058,3059
3060,3059
3059,3060
3061,3060
3060,3061
3061,3056
3056,3061
3062,3061
3061,3062
3063,3062
3062,3063
3064,3062
3062,3064
3065,3059
3059,3065
3066,3065
3065,3066
3067,3065
3065,3067
3069,3068
3068,3069
3070,3069
3069,3070
3071,3070
3070,3071
3072,3071
3071,3072
3073,3072
3072,3073
3074,3073
3073,3074
3075,3074
3074,3075
3076,3075
3075,3076
3076,3072
3072,3076
3076,3068
3068,3076
3077,3070
3070,3077
3078,3077
3077,3078
3079,3077
3077,3079
3081,3080
3080,3081
3082,3081
3081,3082
3083,3082
3082,3083
3084,3083
3083,3084
3085,3084
3084,3085
3085,3080
3080,3085
3086,3085
3085,3086
3087,3086
3086,3087
3088,3087
3087,3088
3089,3088
3088,3089
3090,3089
3089,3090
3091,3090
3090,3091
3091,3086
3086,3091
3092,3090
3090,3092
3093,3092
3092,3093
3094,3092
3092,3094
3095,3089
3089,3095
3096,3095
3095,3096
3097,3095
3095,3097
3098,3082
3082,3098
3099,3098
3098,3099
3100,3098
3098,3100
3102,3101
3101,3102
3103,3102
3102,3103
3104,3103
3103,3104
3105,3104
3104,3105
3106,3105
3105,3106
3107,3106
3106,3107
3108,3107
3107,3108
3108,3103
3103,3108
3109,3108
3108,3109
3110,3109
3109,3110
3110,3101
3101,3110
3111,3109
3109,3111
3112,3111
3111,3112
3112,3107
3107,3112
3113,3112
3112,3113
3114,3113
3113,3114
3115,3114
3114,3115
3116,3115
3115,3116
3116,3111
3111,3116
3117,3114
3114,3117
3118,3117
3117,3118
3119,3117
3117,3119
3120,3104
3104,3120
3121,3120
3120,3121
3122,3120
3120,3122
3124,3123
3123,3124
3125,3124
3124,3125
3126,3125
3125,3126
3127,3126
3126,3127
3128,3127
3127,3128
3128,3123
3123,3128
3129,3128
3128,3129
3130,3127
3127,3130
3131,3125
3125,3131
3132,3131
3131,3132
3133,3132
3132,3133
3134,3133
3133,3134
3135,3134
3134,3135
3136,3135
3135,3136
3137,3136
3136,3137
3137,3132
3132,3137
3138,3137
3137,3138
3139,3136
3136,3139
3140,3135
3135,3140
3141,3140
3140,3141
3142,3140
3140,3142
3143,3134
3134,3143
3144,3133
3133,3144
3144,3124
3124,3144
3146,3145
3145,3146
3147,3146
3146,3147
3148,3147
3147,3148
3149,3148
3148,3149
3150,3149
3149,3150
3150,3145
3145,3150
3151,3150
3150,3151
3152,3151
3151,3152
3153,3151
3151,3153
3154,3148
3148,3154
3155,3154
3154,3155
3156,3155
3155,3156
3156,3147
3147,3156
3158,3157
3157,3158
3159,3158
3158,3159
3160,3159
3159,3160
3161,3160
3160,3161
3162,3161
3161,3162
3162,3157
3157,3162
3163,3161
3161,3163
3164,3163
3163,3164
3165,3163
3163,3165
3166,3160
3160,3166
3167,3166
3166,3167
3168,3167
3167,3168
3169,3168
3168,3169
3169,3159
3159,3169
3170,3168
3168,3170
3171,3170
3170,3171
3172,3171
3171,3172
3173,3172
3172,3173
3173,3167
3167,3173
3174,3173
3173,3174
3175,3174
3174,3175
3176,3174
3174,3176
3178,3177
3177,3178
3179,3178
3178,3179
3180,3179
3179,3180
3181,3180
3180,3181
3182,3181
3181,3182
3182,3178
3178,3182
3183,3181
3181,3183
3184,3183
3183,3184
3185,3184
3184,3185
3186,3185
3185,3186
3186,3180
3180,3186
3187,3186
3186,3187
3188,3187
3187,3188
3189,3187
3187,3189
3191,3190
3190,3191
3192,3191
3191,3192
3193,3192
3192,3193
3194,3193
3193,3194
3195,3194
3194,3195
3195,3190
3190,3195
3196,3195
3195,3196
3197,3196
3196,3197
3198,3197
3197,3198
3199,3198
3198,3199
3200,3198
3198,3200
3201,3200
3200,3201
3202,3201
3201,3202
3203,3202
3202,3203
3204,3203
3203,3204
3205,3204
3204,3205
3205,3200
3200,3205
3206,3203
3203,3206
3207,3206
3206,3207
3208,3206
3206,3208
3209,3192
3192,3209
3210,3209
3209,3210
3211,3209
3209,3211
3213,3212
3212,3213
3214,3213
3213,3214
3215,3214
3214,3215
3216,3215
3215,3216
3217,3216
3216,3217
3218,3217
3217,3218
3219,3218
3218,3219
3220,3219
3219,3220
3221,3220
3220,3221
3222,3221
3221,3222
3222,3217
3217,3222
3223,3222
3222,3223
3223,3214
3214,3223
3224,3223
3223,3224
3225,3224
3224,3225
3225,3212
3212,3225
3226,3225
3225,3226
3227,3226
3226,3227
3228,3227
3227,3228
3229,3228
3228,3229
3229,3224
3224,3229
3230,3229
3229,3230
3230,3221
3221,3230
3231,3230
3230,3231
3232,3231
3231,3232
3233,3232
3232,3233
3233,3228
3228,3233
3234,3231
3231,3234
3235,3234
3234,3235
3236,3234
3234,3236
3237,3218
3218,3237
3238,3237
3237,3238
3239,3237
3237,3239
3241,3240
3240,3241
3242,3241
3241,3242
3243,3242
3242,3243
3244,3243
3243,3244
3245,3244
3244,3245
3245,3240
3240,3245
3246,3245
3245,3246
3247,3243
3243,3247
3248,3247
3247,3248
3249,3247
3247,3249
3250,3242
3242,3250
3252,3251
3251,3252
3253,3252
3252,3253
3254,3253
3253,3254
3255,3254
3254,3255
3256,3255
3255,3256
3257,3256
3256,3257
3258,3257
3257,3258
3259,3258
3258,3259
3260,3259
3259,3260
3260,3255
3255,3260
3261,3260
3260,3261
3261,3252
3252,3261
3262,3259
3259,3262
3263,3262
3262,3263
3264,3262
3262,3264
3266,3265
3265,3266
3267,3266
3266,3267
3268,3267
3267,3268
3269,3268
3268,3269
3270,3269
3269,3270
3271,3270
3270,3271
3272,3271
3271,3272
3272,3267
3267,3272
3273,3272
3272,3273
3274,3273
3273,3274
3274,3265
3265,3274
3275,3274
3274,3275
3276,3275
3275,3276
3277,3276
3276,3277
3278,3277
3277,3278
3278,3273
3273,3278
3279,3278
3278,3279
3280,3279
3279,3280
3280,3271
3271,3280
3281,3277
3277,3281
3282,3281
3281,3282
3283,3281
3281,3283
3284,3270
3270,3284
3285,3284
3284,3285
3286,3284
3284,3286
3288,3287
3287,3288
3289,3288
3288,3289
3290,3289
3289,3290
3291,3290
3290,3291
3292,3291
3291,3292
3293,3292
3292,3293
3294,3293
3293,3294
3294,3289
3289,3294
3295,3294
3294,3295
3296,3295
3295,3296
3296,3287
3287,3296
3297,3295
3295,3297
3298,3297
3297,3298
3298,3293
3293,3298
3299,3298
3298,3299
3300,3299
3299,3300
3301,3300
3300,3301
3302,3301
3301,3302
3302,3297
3297,3302
3303,3302
3302,3303
3304,3303
3303,3304
3305,3303
3303,3305
3306,3290
3290,3306
3307,3306
3306,3307
3308,3306
3306,3308
3310,3309
3309,3310
3311,3310
3310,3311
3312,3311
3311,3312
3313,3312
3312,3313
3314,3313
3313,3314
3314,3309
3309,3314
3315,3314
3314,3315
3316,3312
3312,3316
3317,3316
3316,3317
3318,3316
3316,3318
3319,3311
3311,3319
3320,3319
3319,3320
3321,3319
3319,3321
3323,3322
3322,3323
3324,3323
3323,3324
3325,3324
3324,3325
3326,3325
3325,3326
3327,3326
3326,3327
3327,3322
3322,3327
3328,3327
3327,3328
3329,3328
3328,3329
3330,3328
3328,3330
3331,3325
3325,3331
3332,3331
3331,3332
3333,3332
3332,3333
3333,3324
3324,3333
3335,3334
3334,3335
3336,3335
3335,3336
3337,3336
3336,3337
3338,3337
3337,3338
3339,3338
3338,3339
3339,3334
3334,3339
3340,3338
3338,3340
3341,3340
3340,3341
3342,3341
3341,3342
3343,3342
3342,3343
3344,3343
3343,3344
3345,3344
3344,3345
3345,3340
3340,3345
3346,3345
3345,3346
3347,3346
3346,3347
3347,3337
3337,3347
3348,3347
3347,3348
3349,3348
3348,3349
3350,3349
3349,3350
3351,3350
3350,3351
3351,3346
3346,3351
3352,3350
3350,3352
3353,3352
3352,3353
3354,3352
3352,3354
3356,3355
3355,3356
3357,3356
3356,3357
3358,3357
3357,3358
3359,3358
3358,3359
3360,3359
3359,3360
3361,3360
3360,3361
3362,3361
3361,3362
3363,3362
3362,3363
3364,3363
3363,3364
3365,3364
3364,3365
3365,3360
3360,3365
3366,3365
3365,3366
3366,3358
3358,3366
3367,3366
3366,3367
3367,3355
3355,3367
3368,3363
3363,3368
3369,3368
3368,3369
3370,3368
3368,3370
